"Timestamp","Name (optional)","What year are you?","What is your major and minor?","What are the best/worst features of your field of study?","Why did you choose to study at Behrend?","Have you changed your major? If yes, what was your major? And why you changed it? (optional)","Q1","Q2","Q3","Q4","Q5"
"2016/10/24 6:58:53 PM GMT","Jeremiyah Merrick","Upper Level","Computer Engineering & Applied Economics","Love working with hardware and low level code, dislike requirement for physics","Affordable Tuition, Penn State reputation, Engineering focus","N/A","What is the graduated student placement rate?","What was the on campus equipment and lab quality?","Professor ability and quality of teaching.","Minor availability and variety.","Quality of recreational or study spaces on campus."
"2016/10/24 7:33:10 PM GMT","","Upper Level","Software Engineering and Computer Science (minor)","Best: It is challenging and there are a lot of job options. Worst: It can be very difficult to learn.","The campus is beautiful; the tuition is affordable; the first professor I encountered was intelligent, personable, and enthusiastic.","","How much will the school cost?","What are the professors like?","How big are the classes?","What classes will I take?","How far is it from home?"
"2016/10/24 7:47:16 PM GMT","Evan Tatara","Upper Level","Software Engineering with a Minor in Game Development / MIS","Very interesting field with creative ways to approach problems. Writing code by hand is annoying though.","Only place that lets you get a bachelor's in Software Engineering and take Game classes.","Well previously at Ohio State University, my Major was called Computer Science Engineering.","What are the reputations of the faculty and school itself?","Does the school offer great technology and tools to learn?","Is the campus well structured and nice looking ascetically?","What perks do I get? (Tutoring, clubs, pool, gym, showers)","What are the success rates of students enrolled in the college and how many find jobs within 2 years of graduating? "
"2016/10/24 8:46:31 PM GMT","Nathan","Upper Level","MIS and SCM","  Best: The flexibility and universal application of the concepts I've learned
Worst:  Having to learn all of the specific syntax, common operations, and necessary functions for all of the programs","It has a great business school and the only MIS program in the area that's acclaimed.","NO","Did the school accept me?","Did I like the school(layout/campus)?","Did I like the programs the school offered?","How much financial aid would I receive?","How difficult is the curriculum?"
"2016/10/25 5:01:24 AM GMT","","Upper Level","Computer Science","I don't know","because of the ABET accredited degree","no major change","how can I find a job after graduation?","","","",""
"2016/10/25 2:17:00 PM GMT","Amanda","Upper Level","Computer Engineering","The amount of math courses I have to take.","Because I feel it's better than University Park.","Yes, from aerospace engineering, I was forced to.","Would I understand the material?","What if my professors aren't fair?","What if I mess up?","",""
"2016/10/25 3:03:16 PM GMT","Nick ","Upper Level","Mathematics Major Computer Science Minor","Undergraduate research-Best
Lack of classes-Worst","Not too from home but also not too close.  Excellent faculty.","No","What will I do after college?","How can I afford this?","How will I succeed?","How will I compare to past graduates?","Should I go to University Park?"
"2016/10/25 5:58:18 PM GMT","Sarah","Upper Level","CMPEN","Best: fun, rewarding; Worst: stressful","Can commute","No","Do they offer my major","Can I commute","","",""
"2016/10/26 3:00:46 AM GMT","","Upper Level","Computer Engineering","Best: being able to implement my own designs Worst: trying to debug the programs","Small school, good education, Penn State name, close to home","No","How many students get a job right after graduating?","What are the class sizes?","How many students in the major get an internship during their time at Behrend?","",""
"2016/10/26 3:28:55 AM GMT","Amer","Upper Level","Computer Engineering","Best: it's a basic component of today's world and the future. Worst: rapid development sometimes it's hard to keep up with.","Because it's ranked among the top 50 schools of computer engineering nation wide and world according to more than one online source","","How are we going to apply learned skills in real life?","","","",""